id,project_id,repo_link,other_data,created_at,updated_at
bbbbbbbb-bbbb-bbbb-bbbb-bbbbbbbbbbbb,11111111-1111-1111-1111-111111111111,https://github.com/alice/ecommerce-platform,"{}",2024-02-10T10:00:00Z,2024-02-10T10:00:00Z
bbbbbbbb-bbbb-bbbb-bbbb-bbbbbbbbbbbc,11111111-1111-1111-1111-111111111112,https://github.com/bob/ai-chatbot,"{}",2024-02-11T11:30:00Z,2024-02-11T11:30:00Z
bbbbbbbb-bbbb-bbbb-bbbb-bbbbbbbbbbbd,11111111-1111-1111-1111-111111111113,https://github.com/charlie/fitness-app,"{}",2024-02-12T09:15:00Z,2024-02-12T09:15:00Z
bbbbbbbb-bbbb-bbbb-bbbb-bbbbbbbbbbbe,11111111-1111-1111-1111-111111111114,https://github.com/diana/devops-tool,"{}",2024-02-13T14:20:00Z,2024-02-13T14:20:00Z
bbbbbbbb-bbbb-bbbb-bbbb-bbbbbbbbbbbf,11111111-1111-1111-1111-111111111115,https://github.com/eve/analytics-dashboard,"{}",2024-02-14T08:45:00Z,2024-02-14T08:45:00Z
bbbbbbbb-bbbb-bbbb-bbbb-bbbbbbbbbbbg,11111111-1111-1111-1111-111111111116,https://github.com/frank/social-platform,"{}",2024-02-15T12:00:00Z,2024-02-15T12:00:00Z
bbbbbbbb-bbbb-bbbb-bbbb-bbbbbbbbbbbh,11111111-1111-1111-1111-111111111117,https://github.com/grace/ui-components,"{}",2024-02-16T10:30:00Z,2024-02-16T10:30:00Z
bbbbbbbb-bbbb-bbbb-bbbb-bbbbbbbbbbbi,11111111-1111-1111-1111-111111111118,https://github.com/karen/blockchain-voting,"{}",2024-02-17T13:15:00Z,2024-02-17T13:15:00Z
bbbbbbbb-bbbb-bbbb-bbbb-bbbbbbbbbbbj,11111111-1111-1111-1111-111111111119,https://github.com/liam/iot-automation,"{}",2024-02-18T08:20:00Z,2024-02-18T08:20:00Z
bbbbbbbb-bbbb-bbbb-bbbb-bbbbbbbbbbbk,11111111-1111-1111-1111-111111111120,https://github.com/maria/elearning-platform,"{}",2024-02-19T10:45:00Z,2024-02-19T10:45:00Z
bbbbbbbb-bbbb-bbbb-bbbb-bbbbbbbbbbbm,11111111-1111-1111-1111-111111111122,https://github.com/olivia/pm-tool,"{}",2024-02-21T09:15:00Z,2024-02-21T09:15:00Z
bbbbbbbb-bbbb-bbbb-bbbb-bbbbbbbbbbbn,11111111-1111-1111-1111-111111111123,https://github.com/quinn/cv-app,"{}",2024-02-22T13:45:00Z,2024-02-22T13:45:00Z
bbbbbbbb-bbbb-bbbb-bbbb-bbbbbbbbbbbp,11111111-1111-1111-1111-111111111125,https://github.com/samuel/perf-monitor,"{}",2024-02-24T14:30:00Z,2024-02-24T14:30:00Z

